date,RELIANCE.BSE,TCS.BSE,HDFCBANK.BSE,INFY.BSE,HINDUNILVR.BSE,ICICIBANK.BSE,BHARTIARTL.BSE,KOTAKBANK.BSE,ITC.BSE,LT.BSE,SBIN.BSE,BAJFINANCE.BSE,ASIANPAINT.BSE,AXISBANK.BSE,MARUTI.BSE,HCLTECH.BSE,ULTRACEMCO.BSE,TITAN.BSE,NESTLEIND.BSE,WIPRO.BSE,ADANIPORTS.BSE,TECHM.BSE,POWERGRID.BSE,NTPC.BSE
2005-02-28,378.9426,172.6126,586.9,34.9556,144.0,380.75,225.1,328.2,1222.0344,1085.7502,714.4,157.75,356.3,241.05,473.15,337.65,372.25,207.05,598.55,44.2432,,,,93.0
2005-03-31,372.0598,179.0938,544.25,35.1962,131.75,393.0,206.8499,340.5,1268.4783,995.1501,656.95,166.55,391.1,242.05,420.8,370.4,354.55,231.7,638.1,42.468,,,,85.7
2005-04-29,359.6226,141.2814,537.2,29.49,137.7,360.2,207.1499,302.75,1356.7407,963.75,584.8,183.1,371.6,230.1,406.35,334.35,333.4,242.45,665.45,39.9686,,,,82.2
2005-05-31,364.7674,166.9,540.05,35.1672,143.15,392.05,224.0498,372.45,1509.9966,1046.6499,670.7,230.65,384.85,239.8,466.25,365.8,324.9,300.45,700.1,45.3032,,,,83.45
2005-06-30,437.4486,168.9876,634.1,36.8384,163.6,421.55,242.85,391.65,1557.0069,1133.9502,681.55,280.0,411.0,247.15,465.1,388.9,352.45,378.9,714.55,48.4454,,,,83.05
2005-07-29,479.0196,158.6438,685.5,35.4564,166.95,536.0,283.0999,425.1,1586.6481,1270.2501,800.8,300.0,458.6,259.9,482.1,403.5,380.75,489.05,773.85,46.5496,,,,93.85
2005-08-31,490.3662,175.7312,640.15,37.129,165.65,481.7001,315.4499,199.55,1634.7912,1332.95,796.65,300.35,480.9,250.0,471.0,453.45,439.05,495.65,853.05,102.5576,,,,102.05
2005-09-30,540.7624,185.1564,687.55,39.3282,181.15,600.35,348.4998,199.35,129.0899,1512.6499,938.6,361.75,500.45,265.5,558.3,456.6,466.3,487.95,855.55,104.5688,,,,106.0
2005-10-31,519.6704,175.0314,606.0,39.436,161.4,497.7,322.6498,172.35,113.5613,1399.3999,838.25,294.8,482.65,238.3,549.7,417.75,398.15,496.1,844.1,102.5718,,,,97.15
2005-11-30,567.613,189.875,687.55,41.9392,181.95,537.15,357.5498,212.1,126.9659,1692.4999,896.25,355.85,525.1,271.4,612.9,509.0,450.0,660.8,962.45,118.7862,,,,104.1
2005-12-30,606.288,212.8062,707.45,46.8242,197.25,584.7,345.6999,223.8,134.0457,1844.2002,907.45,442.3,577.4,286.35,636.5,539.05,427.15,821.65,936.2,130.3454,,,,112.0999
2006-01-31,650.6226,208.7626,762.55,44.9954,194.8,609.15,355.5999,233.65,146.1759,2166.75,886.8,513.8,614.9,337.15,756.85,626.1,518.55,722.15,984.85,149.0344,,,,114.5499
2006-02-28,646.1102,211.8562,736.05,44.197,241.95,615.1001,361.2999,228.8,162.9317,2397.0003,877.2,549.3,668.0,328.35,822.6,609.95,560.5,787.2,1059.3,146.3204,,,,131.0999
2006-03-31,725.8768,239.2688,773.5,46.5758,272.3,589.25,412.8498,278.0,184.0296,2432.5998,968.05,530.249,644.05,356.35,874.35,660.0,684.45,834.95,1155.45,157.0924,,,,133.9999
2006-04-28,918.7302,247.7626,819.75,48.9672,290.65,577.05,405.8498,312.75,189.8823,2695.3,882.35,480.6,635.0,344.4,919.65,575.5,781.5,746.8,1287.6,151.1016,,,,135.7499
2006-05-31,869.001,222.825,740.2,45.4384,233.7,536.05,365.9499,295.95,155.8518,2318.3,831.0,443.25,570.0,285.8,734.85,500.95,605.45,693.55,1075.25,126.5206,,,,112.2499
2006-06-30,965.1772,216.9564,791.15,48.0868,229.1,487.4,369.9998,242.7,172.041,2243.0999,727.4,409.9,597.05,266.75,797.6,502.1,749.95,595.3,996.15,144.4924,,,,111.0499
2006-07-31,892.4756,468.0,795.05,206.7376,232.25,554.05,382.8498,285.5,158.1173,2210.95,810.05,400.0,607.6,297.85,786.5,520.2,722.1,601.25,999.65,138.178,,,,115.2499
2006-08-31,1018.8258,498.025,853.15,226.1,234.6,596.5,410.9999,314.15,180.5369,2401.0503,930.0,390.049,633.3,342.9,861.4,579.8,769.0,783.25,1061.25,145.6592,,,,124.1999
2006-09-29,1067.5518,510.8,926.0,230.9876,256.2,699.0501,468.8498,331.8,177.1386,1273.05,1028.3,390.0,675.5,379.2,981.2,550.15,891.15,806.0,1064.25,147.6844,,617.55,,130.1999
2006-10-31,1117.8278,542.25,1004.05,261.85,233.6,776.8501,530.1498,346.65,179.2154,1312.7999,1095.5,432.35,670.1,433.75,968.55,622.75,880.5,766.15,1054.55,151.3548,,988.85,,129.5499
2006-11-30,1134.966,595.925,1118.4,272.5562,235.85,871.45,630.1998,380.75,174.2594,1369.4002,1314.0,351.15,713.85,474.05,924.95,629.25,898.75,760.1,1093.5,168.4548,,1122.8,,147.1499
2006-12-29,1158.0758,609.3,1069.75,280.0626,216.55,890.4,628.8497,399.4,166.094,1442.9501,1245.9,367.2,733.55,469.05,927.35,648.5,1096.9,859.05,1136.45,170.0296,,1670.15,,136.3999
2007-01-31,1243.9958,639.3,1078.15,280.5562,208.2,940.5,707.4998,465.9,163.97,1587.3999,1138.05,371.1,800.7,534.0,936.6,648.2,993.7,958.85,1092.95,172.378,,1738.35,,141.9499
2007-02-28,1234.8798,594.225,932.6,259.7938,176.15,831.9,718.7497,423.75,162.2237,1487.5,1039.15,404.55,739.0,460.0,839.7,596.1,891.1,828.15,958.35,157.7392,,1434.45,,139.9499
2007-03-30,1247.4144,615.6,949.4,251.575,205.25,853.1,763.1996,479.65,141.9752,1619.15,992.9,422.85,764.8,490.15,819.7,291.15,770.45,841.5,934.5,157.036,,1427.9,,149.7499
2007-04-30,1422.2176,632.85,1026.15,256.1688,199.4,865.9,812.0498,544.05,151.0374,1696.4001,1105.25,422.5,793.2,467.85,803.1,334.1,820.3,993.35,1007.65,160.664,,1588.75,,159.1999
2007-05-31,1604.6326,604.3,1139.75,240.0314,203.5,918.9,847.7998,572.65,154.4358,1998.6499,1352.4,394.0,830.3,579.55,817.65,344.15,827.0,1125.0,1139.25,153.1548,,1492.1,,158.3999
2007-06-29,1550.0264,574.625,1144.1,241.15,188.85,955.3,835.9497,672.5,146.0343,2196.05,1525.3,376.8,810.95,605.0,743.1,344.0,900.05,1339.15,1159.95,145.828,,1395.75,,152.3499
2007-07-31,1725.0574,579.225,1198.65,247.1564,206.35,927.05,903.4496,740.9,161.1381,2606.4999,1624.5,371.85,884.95,626.7,843.15,314.6,932.15,1155.15,1189.35,139.4016,,1325.85,,165.6499
2007-08-31,1786.3184,532.5,1171.3,231.8814,208.6,884.6501,879.8997,706.9,160.9965,2582.7499,1599.5,375.0,943.75,634.1,868.2,303.4,920.5,1242.25,1282.9,135.6328,,1291.9,,173.2999
2007-09-28,2093.2604,528.375,1439.05,237.0938,219.35,1063.15,941.1996,921.65,179.0738,2812.6,1950.7,363.45,982.95,764.4,999.55,299.8,1042.55,1469.05,1324.2,129.3328,,1330.85,,193.4499
2007-10-31,2536.6268,518.95,1653.1,229.8876,207.6,1257.0,1006.5996,1000.0,169.1147,4244.5499,2068.15,332.4,1032.0,918.8,1073.55,311.05,999.15,1720.7,1562.75,141.9752,,1207.8,,239.3999
2007-11-30,2598.7992,506.975,1719.0,200.5064,207.15,1184.6501,939.4497,1234.3,178.0353,4129.0,2300.3,330.15,990.35,931.25,1012.35,320.25,987.4,1529.5,1320.55,129.4592,,1026.65,147.9,236.6499
2007-12-31,2626.4212,541.675,1727.8,221.05,213.9,1232.4,994.5496,1296.2,198.5198,4171.8501,2371.0,438.85,1102.55,967.1,990.05,331.4,1014.5,1562.3,1499.9,147.8252,1268.6,1132.05,143.8,250.0499
2008-01-31,2260.3602,437.625,1568.0,187.9876,206.5,1145.6501,864.4497,1032.8,184.2657,3680.35,2162.25,403.1,1245.7,1110.8,848.7,249.5,860.6,1157.95,1404.85,116.255,834.8,692.5,103.35,197.8999
2008-02-29,2240.9884,437.15,1453.45,193.3562,227.35,1090.95,825.5997,801.35,190.8264,3523.0499,2109.7,419.45,1111.9,1018.75,867.2,277.6,911.35,1097.6,1372.15,122.2454,734.75,688.1,109.7,201.7499
2008-03-31,2064.3624,405.45,1319.95,178.7688,228.7,770.1,826.0997,628.55,194.7911,3024.8,1598.85,329.85,1199.95,781.15,829.55,253.0,779.85,1062.3,1498.05,119.6158,579.5,706.85,97.95,196.9999
2008-04-30,2383.7482,459.775,1514.85,219.2188,249.5,879.4,898.7997,789.35,207.4877,3003.3499,1776.35,320.55,1276.45,924.3,741.9,286.75,761.05,1244.3,1758.8,137.4188,758.6,914.05,105.3,196.7499
2008-05-30,2189.391,514.625,1357.85,244.6938,237.15,788.3,876.4497,693.65,205.4582,2981.35,1443.35,260.15,1278.75,794.05,764.5,312.9,650.25,1173.65,1767.2,142.8752,786.45,865.0,98.5,172.2499
2008-06-30,1908.2474,429.4,1002.3,216.8438,206.1,630.2,721.6498,461.2,176.525,2183.2001,1111.45,138.35,1148.5,603.65,617.75,250.7,544.85,991.55,1630.1,123.1736,492.05,716.2,77.75,151.6499
2008-07-31,2011.2146,416.275,1095.25,197.9126,239.7,634.85,799.1497,533.1,177.2802,2602.7,1414.75,113.05,1203.0,653.85,574.9,201.0,574.15,1127.05,1632.65,117.0,575.45,756.75,94.75,170.4499
2008-08-29,1947.9026,406.225,1277.25,218.5626,245.4,671.5,837.1997,605.75,178.0353,2589.8499,1403.6,135.65,1223.35,723.3,650.4,233.55,590.3,1271.2,1775.75,121.5846,578.0,746.8,93.1,175.1999
2008-09-30,1774.3306,331.375,1229.0,174.6938,251.55,534.85,785.0496,554.8,177.4689,2442.8499,1465.65,113.8,1182.5,720.5,687.15,194.35,528.25,1114.65,1691.05,95.5264,426.85,615.3,85.75,171.7499
2008-10-31,1249.6022,268.725,1023.65,172.7064,221.95,399.35,648.9997,336.9,145.2791,805.45,1109.5,71.1,956.75,562.6,564.45,172.5,354.65,1008.75,1450.0,76.5424,354.75,327.8,69.35,140.5499
2008-11-28,1031.5884,279.025,920.4,155.075,236.2,351.4,671.0498,334.9,163.7813,726.95,1086.85,73.8,888.35,406.85,535.85,137.3,270.65,932.25,1400.75,68.428,257.4,225.15,74.15,159.5999
2008-12-31,1121.5198,239.05,997.6,139.7312,250.25,448.35,715.0997,357.3,161.8461,774.4,1288.25,64.95,895.1,504.65,520.1,115.2,383.1,927.25,1452.75,65.6862,325.15,247.65,83.2,180.9999
2009-01-30,1208.078,255.975,924.6,163.1876,261.2,416.3,633.8498,283.5,169.634,689.2,1152.2,58.7,785.05,433.0,571.0,116.0,396.4,921.95,1466.45,64.9968,385.85,238.05,88.15,189.4999
2009-02-27,1153.2444,240.3,884.85,153.9126,253.8,328.1,636.6498,259.25,172.7019,611.45,1027.1,57.15,786.25,347.95,677.6,99.9,470.4,752.45,1493.5,58.3174,339.8,248.5,96.5,184.1999
2009-03-31,1388.5786,270.0,967.85,165.5126,238.2,332.6,625.7998,282.95,174.4482,672.6501,1066.55,68.6,786.0,414.5,775.1,101.75,551.0,779.9,1556.4,69.019,323.2,265.15,95.65,180.1999
2009-04-29,1643.3762,,1100.7,,234.55,477.75,749.2997,385.55,178.5074,879.5501,1277.7,92.35,887.05,555.65,815.7,129.85,567.6,748.4,1704.85,,386.0,327.95,92.5,190.1499
2009-04-30,,311.6,,188.4126,,,,,,,,,,,,,,,,92.9534,,,,
2009-05-29,2076.2134,349.875,1442.35,200.25,231.1,740.7001,819.6497,680.15,173.3627,1405.6,1869.1,139.0,1081.05,783.4,1021.55,167.95,721.75,1073.95,1726.35,107.3112,612.55,473.55,114.7,215.4499
2009-06-30,1844.525,389.7,1491.75,222.1126,267.1,722.0,802.0997,632.1,179.7818,1568.2999,1742.05,152.7,1177.45,833.65,1065.45,185.7,689.95,1173.9,2001.6,106.2142,604.25,732.4,109.35,195.0499
2009-07-31,1784.1306,526.4,1499.6,257.9876,291.2,759.0501,410.5499,653.9,236.0432,1506.6001,1814.0,189.75,1408.55,917.7,1413.25,240.45,798.35,1226.75,2205.15,137.9952,601.1,848.3,117.9,215.5999
2009-08-31,1826.9764,527.0,1469.35,266.5376,259.85,749.5001,424.6999,715.45,218.2491,1567.6,1743.05,205.25,1391.4,906.7,1436.65,299.3,760.6,1229.95,2200.0,154.8984,559.4,948.45,107.65,212.6499
2009-09-30,2006.657,619.35,1642.25,288.55,262.85,904.8,418.5498,776.1,218.9099,1683.2001,2195.7,238.5,1405.6,981.55,1698.9,339.6,798.1,1249.1,2269.8,169.2424,522.55,936.85,109.95,213.6999
2009-10-30,1760.5648,626.2,1621.3,275.675,282.95,789.6001,292.1499,713.9,240.8576,1567.15,2191.0,260.4,1644.8,907.9,1403.0,305.45,768.75,1255.4,2573.45,170.9016,500.35,930.0,104.25,211.3999
2009-11-30,968.8692,687.2,1772.55,297.9938,285.25,864.3,299.6999,783.8,243.3591,1614.15,2238.15,288.6,1675.1,997.45,1561.7,336.25,836.5,1331.25,2537.35,176.8784,543.3,928.45,100.35,209.7499
2009-12-31,993.1182,749.75,1700.4,325.6564,264.75,875.7,328.7998,802.1,236.7984,1679.4,2269.45,329.7,1796.25,988.7,1559.65,371.35,915.1,1422.05,2547.95,191.0812,553.05,990.6,110.1,235.6999
2010-01-29,954.0554,735.45,1630.85,309.5876,244.1,830.4,306.4999,779.9,236.232,1425.0499,2058.0,309.4,1853.15,1025.5,1390.1,346.45,929.4,1498.8,2558.9,182.0812,594.55,970.45,112.7,214.2499
2010-02-26,891.5638,761.0,1704.65,325.2,235.75,871.85,279.2499,742.1,219.0515,1566.85,1975.85,300.45,1809.55,1124.85,1463.55,367.45,1038.1,1748.95,2622.0,190.3216,672.9,893.45,107.1,202.9999
2010-03-31,979.6718,780.8,1932.5,326.8876,238.7,952.7,311.8999,749.05,248.4093,1626.35,2079.0,318.5,2042.6,1169.1,1416.15,357.8,1156.3,1840.9,2676.15,198.7876,790.25,853.5,107.15,206.9999
2010-04-30,941.247,766.0,1991.6,342.0188,239.0,950.5,298.3999,737.8,250.2029,1608.35,2297.95,427.85,2074.95,1268.2,1279.75,394.25,972.35,2129.45,2761.35,189.4216,741.8,773.6,109.7,206.9499
2010-05-31,952.688,742.0,1885.4,332.2062,236.75,867.05,262.2999,756.7,267.2891,1628.6,2268.35,456.9,2086.65,1228.4,1236.95,382.55,922.9,2225.1,2879.85,187.9736,694.2,636.35,103.4,201.9999
2010-06-30,990.8392,751.15,1914.65,348.5688,266.9,862.0,263.2499,770.8,287.6792,1804.55,2302.1,474.95,2306.25,1242.95,1423.6,364.9,878.1,2365.55,2892.95,288.5624,737.45,734.8,103.7,199.1499
2010-07-30,920.371,841.1,2127.45,348.6064,251.1,904.45,306.8999,769.25,291.455,1797.1,2503.8,569.4,2605.35,1345.4,1198.15,392.3,864.35,2802.4,3016.0,308.5124,724.45,699.8,100.5,198.5999
2010-08-31,837.6416,843.85,2132.45,338.3876,264.4,977.3001,327.1499,828.55,153.539,1812.4499,2764.85,613.0,2762.45,1324.85,1255.9,383.55,904.3,2932.75,3060.3,299.85,767.2,637.95,108.5,195.7499
2010-09-30,899.176,922.55,2480.8,380.125,308.0,1110.35,365.8999,475.9,168.0763,2044.7,3233.2,771.55,2671.6,1531.2,1440.95,419.75,1066.9,3279.05,3351.95,336.2624,167.05,756.35,106.5,216.8999
2010-10-29,998.9526,1051.8,2278.1,371.2,294.1,1161.65,325.6999,464.85,161.5628,2021.85,3151.2,782.2,2678.25,1466.65,1551.2,404.2,1096.05,3553.45,3488.85,314.7,151.95,728.2,100.25,194.9499
2010-11-30,899.586,1076.7,2289.2,381.1812,298.9,1143.65,360.3999,475.45,161.4212,1949.8499,2994.1,710.3,2642.5,1367.9,1423.75,403.8,1125.9,3698.6501,3632.45,315.15,151.05,640.35,95.0,184.2499
2010-12-31,964.7214,1165.05,2346.5,430.625,312.3,1144.6501,358.3999,452.45,164.7252,1979.05,2811.05,703.75,2874.85,1349.5,1420.6,456.05,1082.15,3601.3001,3795.2,367.6876,143.65,702.4,98.2,200.5999
2011-01-31,838.0062,1157.15,2042.85,389.5376,271.15,1020.0,318.5499,384.5,153.8222,1641.1501,2641.05,590.7,2569.25,1246.75,1252.8,493.8,999.0,3593.0501,3326.1,328.8376,140.1,649.6,96.5,188.8999
2011-02-28,879.6672,1112.95,2049.7,375.3814,282.1,971.0,331.0999,405.35,159.5333,1528.0499,2632.0,610.9,2405.5,1223.9,1206.7,442.15,929.7,3328.6,3541.1,328.8,138.4,644.7,98.6,170.0499
2011-03-31,955.195,1182.5,2342.95,404.5938,284.6,1112.75,357.4999,456.85,171.2859,1653.25,2767.9,698.55,2526.95,1403.65,1263.55,476.5,1133.8,3810.8501,3668.55,358.7252,136.45,675.85,101.8,192.9999
2011-04-29,895.1648,1163.6,2292.5,363.2438,285.2,1114.25,378.7999,430.2,181.1977,1597.9001,2805.6,700.25,2773.75,1286.0,1319.75,520.4,1086.8,4035.0501,4002.65,337.6876,144.35,686.05,104.3,181.9499
2011-05-31,867.6338,1158.8,2388.3,348.9814,304.85,1086.0,374.1498,440.55,182.5193,1644.0001,2297.8,619.95,3139.2,1278.6,1227.5,514.8,1026.2,4391.9501,4054.0,334.9876,160.85,679.05,100.65,168.9499
2011-06-30,818.2698,1180.35,2502.6,363.425,342.75,1093.1,395.2499,480.2,191.1095,1822.65,2405.95,609.8,3180.55,1289.0,1158.45,493.45,933.5,215.0,4097.1,313.2,161.4,721.45,109.3,186.8499
2011-07-29,754.5474,1134.45,487.4,345.85,323.95,1037.75,436.9999,446.85,196.6318,1725.95,2342.0,700.2,3125.8,1338.15,1207.9,487.35,1028.8,228.4,4349.2,292.4624,143.8,774.75,104.9,176.2999
2011-08-30,712.4306,1040.6,472.2,292.85,320.9,873.25,404.1998,441.75,188.7968,1609.8,1974.5,614.7,3287.15,1075.0,1092.35,411.2,1070.4,205.55,4387.75,251.2876,152.15,648.05,100.25,169.5499
2011-09-30,736.862,1037.5,467.25,316.725,340.25,875.35,378.0999,459.65,186.7672,1358.2,1911.1,633.25,3149.4,1021.45,1081.4,408.3,1137.6,208.75,4219.35,255.5248,164.25,573.6,98.3,167.2499
2011-10-31,800.174,1114.2,489.05,359.4,375.25,930.5,391.3999,510.85,201.2102,1413.25,1906.7,684.45,3151.15,1159.7,1125.65,443.55,1152.45,217.2,4250.4,274.8376,163.65,585.0,104.65,179.3499
2011-11-30,709.9692,1113.1,441.45,325.9438,396.1,714.15,385.2999,464.45,189.4576,1268.8,1762.85,630.05,2881.0,947.5,968.65,386.45,1143.9,177.95,4213.9,283.6124,125.7,565.85,98.95,162.0499
2011-12-30,631.6612,1161.25,427.05,345.6314,407.8,684.6,342.8999,432.25,190.0239,995.1,1619.5,600.25,2594.95,806.75,920.05,388.25,1160.45,170.8,4172.7,299.1,120.55,572.8,99.9,160.5999
2012-01-31,743.38,1130.5,490.9,342.9188,379.35,902.0,364.8999,497.7,191.9591,1310.6,2061.05,751.85,2987.25,1074.2,1187.55,436.95,1211.25,202.3,4249.7,309.9376,146.0,651.7,103.95,171.8499
2012-02-29,746.2974,1221.05,517.8,359.425,380.2,906.5,349.2499,547.9,196.1126,1308.1001,2243.4,788.8,3169.9,1178.05,1256.25,484.35,1404.1,228.75,4418.55,323.8124,148.35,600.2,112.85,180.8499
2012-03-30,682.1192,1167.85,520.05,358.1188,409.9,887.25,336.7499,542.45,214.1427,1306.85,2095.0,815.6,3237.75,1145.9,1349.1,482.35,1506.95,228.6,4602.85,329.25,129.05,719.65,107.9,162.6999
2012-04-30,679.3388,1244.9,542.2,307.825,416.35,881.45,310.2998,583.05,231.7952,1226.3,2137.95,874.75,3523.05,1106.6,1369.9,512.0,1423.1,232.95,4671.6,303.8252,127.45,700.2,111.2,162.3999
2012-05-31,643.6034,1245.8,505.95,304.9814,426.7,784.3,302.0999,562.15,217.3523,1172.3,2055.6,846.85,4034.65,971.55,1106.45,504.15,1416.5,222.85,4504.45,307.1624,123.0,670.65,106.35,146.8999
2012-06-29,672.2738,1277.55,563.5,312.8188,454.35,899.6001,304.9998,592.25,244.4446,1397.35,2159.15,911.15,3881.85,1015.8,1169.75,476.2,1511.25,222.3,4535.85,299.4752,121.2,707.95,113.45,159.7499
2012-07-31,677.1966,1240.65,587.85,278.425,466.95,960.75,300.1499,535.55,243.2646,1369.6499,2005.2,1042.4,3637.05,1042.7,1133.05,517.2,1635.95,222.25,4462.0,254.9252,119.95,711.9,118.55,157.0999
2012-08-31,703.7246,1347.3,595.05,296.6564,518.25,909.3,245.7,579.85,252.5629,1341.3999,1845.0,1052.9,3653.35,999.9,1138.55,544.85,1693.4,221.6,4657.1,275.7,112.65,797.95,120.05,168.0999
2012-09-28,762.752,1294.0,628.7,316.75,544.55,1057.25,264.8499,647.9,256.6692,1596.75,2237.9,1175.5,3936.5,1136.75,1349.9,577.3,1967.55,261.55,4374.35,285.9752,127.35,971.8,120.35,167.8499
2012-10-31,734.0816,1313.4,634.55,295.4376,547.45,1050.0501,268.9999,604.1,266.9586,1624.7499,2109.6,1288.3,3868.9,1183.65,1436.25,607.35,1994.75,259.4,4683.1,263.1,126.6,947.7,114.05,165.1999
2012-11-30,723.7346,1312.85,703.65,304.575,538.35,1098.6,337.1499,668.7,281.5432,1667.0999,2170.05,1380.05,4327.55,1316.35,1473.55,654.75,1954.5,311.75,4765.45,294.7124,129.7,883.4,118.0,162.0999
2012-12-31,764.9398,1258.55,678.8,289.8126,524.7,1137.3001,316.7999,649.6,270.7346,1605.8499,2383.75,1357.05,4420.25,1356.5,1488.95,619.25,1982.15,283.85,4990.4,295.7624,135.0,931.4,114.5,156.4499
2013-01-31,808.1962,1342.75,643.4,348.5938,472.95,1190.85,339.3999,677.95,290.1806,1542.9,2436.6,1290.6,4502.05,1505.2,1582.65,688.85,1902.15,279.55,4757.4,308.4,150.0,999.4,110.2,156.5999
2013-02-28,742.6508,1514.75,625.6,363.25,443.9,1040.3,323.5499,657.7,278.5696,1365.8,2085.4,1274.7,4290.45,1343.3,1356.65,724.6,1870.15,260.35,4752.85,312.3752,138.55,1046.7,104.2,150.7499
2013-03-28,705.32,1571.8,624.1,361.2376,466.1,1045.35,291.7998,651.4,291.7854,1364.9,2072.75,1154.35,4914.4,1301.25,1279.7,795.95,1868.0,256.5,4589.45,327.8624,138.75,1059.15,105.95,141.9999
2013-04-30,718.4928,1376.25,682.15,279.3062,583.6,1163.15,318.7499,705.6,310.4763,1512.5999,2264.2,1222.15,4681.75,1493.1,1668.85,721.05,1901.1,270.75,4980.85,260.9248,145.05,954.5,112.2,157.3999
2013-05-31,734.4006,1499.6,700.45,300.95,592.5,1154.3,300.5499,782.6,320.8129,1401.6,2047.7,1470.15,4864.2,1430.65,1606.1,746.8,1889.15,293.5,5315.9001,244.9124,151.85,966.65,113.45,154.3999
2013-06-28,785.6794,1518.4,668.5,311.6564,585.05,1069.75,291.3999,721.25,306.2284,1404.15,1953.6,1376.4,4630.0,1323.05,1538.0,776.1,1875.95,224.3,4867.0,262.35,149.75,1059.1,110.95,143.6999
2013-07-31,794.5674,1815.1,609.7,370.8938,613.45,909.3,344.8998,651.0,322.5121,846.45,1709.85,1145.1,507.1,1034.45,1327.1,937.75,1832.7,263.35,5294.6501,327.9752,125.4,1246.8,100.75,130.5999
2013-08-30,776.2896,2023.15,593.8,387.5376,628.55,804.3,298.5499,659.05,290.6054,722.25,1514.4,1025.5,418.75,835.75,1244.05,1038.25,1471.65,223.85,4901.35,362.9248,125.55,1376.75,97.3,130.7499
2013-09-30,749.6704,1926.7,593.7,376.9312,627.4,884.95,318.2499,677.4,321.2377,788.6,1615.25,1169.25,459.35,1007.3,1357.95,1088.3,1809.55,232.1,5198.5501,355.5376,138.45,1332.15,98.15,148.1999
2013-10-31,831.716,2108.25,679.45,413.5812,609.25,1121.05,364.6499,750.65,315.5266,972.55,1795.5,1350.65,538.4,1222.9,1633.7,1093.25,1966.05,266.3,5592.4501,357.7124,145.65,1550.4,101.15,148.6999
2013-11-29,777.7026,2004.6,661.2,419.1876,594.45,1067.9,327.1999,756.6,302.2164,1043.35,1821.5,1407.45,503.35,1155.3,1677.4,1086.55,1905.3,229.0,5137.3001,353.2124,158.05,1698.1,95.05,147.3499
2013-12-31,815.717,2170.95,665.75,435.6876,570.95,1098.45,330.4498,729.05,303.5852,1069.9,1765.5,1574.25,490.75,1299.65,1763.0,1263.1,1763.35,229.4,5297.2501,419.2876,155.3,1838.05,99.6,136.7999
2014-01-31,757.419,2236.2,628.9,462.4312,570.35,988.5001,315.1499,656.95,306.8892,985.4,1525.6,1525.0,472.25,1119.55,1635.35,1464.7,1707.2,221.55,5044.3001,431.2124,146.55,1790.85,95.5,126.3999
2014-02-28,728.6118,2272.8,667.5,477.525,548.8,1043.7,287.4999,683.2,309.1547,1108.3,1531.7,1568.65,472.95,1265.9,1586.3,1576.0,1839.85,242.2,4849.8,447.5622,167.25,1870.6,94.6,112.5999
2014-03-31,847.3502,2128.25,748.85,409.8564,603.65,1245.45,318.8999,778.0,333.1791,1272.65,1918.3,1790.05,546.5,1460.45,1971.4,1390.5,2188.9,262.45,5008.1501,406.95,187.5,1794.55,105.05,119.9499
2014-04-30,852.6376,2189.4,718.25,397.15,566.9,1244.8,327.6499,803.25,321.6625,1295.55,2078.95,1874.3,505.15,1519.2,1918.0,1403.65,2027.9,254.75,4772.0,391.5,188.3,1832.45,105.75,116.2499
2014-05-30,971.0114,2144.2,794.1,367.6876,600.95,1418.4001,343.9999,867.55,322.3705,1548.9,2541.9,2020.85,509.45,1836.15,2269.5,1417.35,2384.75,310.75,4938.7,378.75,225.85,1915.35,121.75,159.8499
2014-06-30,925.0204,2419.45,821.35,405.8062,619.5,1418.45,336.8999,885.15,306.7004,1701.6,2685.9,2001.05,592.7,1921.4,2438.35,1496.55,2599.45,352.65,4946.0,408.7124,243.5,2152.5,139.15,155.8999
2014-07-31,917.0892,2577.3,833.65,420.7126,685.5,1473.0001,372.5999,953.65,336.247,1504.1,2439.75,2205.5,629.15,391.85,2524.5,1554.9,2421.85,341.05,5125.0501,407.7374,260.7,2150.3,132.75,144.9999
2014-08-28,910.9358,2524.6,842.95,449.25,741.25,1556.55,369.6999,1036.0,335.2559,1526.9,2460.45,2468.8,624.15,397.3,2784.35,1630.35,2546.9,362.95,5998.4501,424.05,282.85,2362.0,129.3,137.6999
2014-09-30,861.7994,2738.2,871.5,468.4562,745.85,1435.25,404.2498,1013.45,349.982,1457.45,2442.35,2711.0,629.4,377.8,3064.35,1715.35,2625.2,407.65,5979.5501,447.2622,277.95,2487.65,135.3,138.6499
2014-10-31,910.8902,2604.55,912.2,506.4312,738.35,1625.45,398.2999,1119.1,335.3503,1654.85,2701.65,2798.5,656.15,438.75,3338.35,1605.25,2551.35,393.2,6237.4501,422.5876,284.55,2511.85,145.3,149.9499
2014-11-28,903.2782,2643.1,957.4,544.9064,786.6,1754.6,381.9499,1202.25,342.6661,1640.1,321.45,3083.85,743.7,481.05,3336.1,1662.15,2490.05,370.05,6226.1001,439.1252,290.3,2641.85,142.15,142.5999
2014-12-31,812.3896,2554.7,952.0,985.6,759.5,353.0,352.8499,1263.15,347.7637,1496.5,311.85,3481.45,751.75,502.05,3328.3,1595.95,2671.25,381.25,6379.8001,415.35,318.45,2591.55,138.05,144.0999
2015-01-30,834.4508,2481.0,1076.0,1071.375,932.8,361.15,372.7498,1320.85,347.9524,1700.1,310.0,4044.05,857.45,588.7,3645.25,1794.1,3139.8,430.55,7109.1001,454.7252,340.5,2878.3,147.95,143.7999
2015-02-27,780.0272,,1054.2,,886.8,335.0,355.4498,1336.3,371.7408,1758.55,299.95,4112.75,807.0,567.15,3606.15,2023.45,3121.2,434.95,7025.7001,,345.9,2836.05,156.85,158.3499
2015-02-28,,2663.75,,1133.175,,,,,,,,,,,,,,,,490.8374,,,,
2015-03-31,751.8124,2547.05,1022.85,1108.3,872.9,315.3,393.8998,1313.15,307.2195,1719.0,267.0,4096.25,808.75,560.4,3699.25,979.65,2875.0,392.0,6941.9001,470.85,308.05,629.45,145.2,147.3499
2015-04-30,786.591,2466.65,989.2,971.2,849.5,331.25,381.6498,1333.9,304.1988,1632.5,270.05,4009.45,762.9,567.85,3732.05,879.5,2666.1,382.8,6580.9001,403.9124,317.6,623.3,142.3,150.2999
2015-05-29,799.627,2610.6,1051.1,1011.2,859.8,317.3,425.2998,1400.25,308.4467,1655.35,278.15,4218.75,787.0,585.25,3785.45,1011.8,2976.65,377.5,6857.1001,421.1998,323.65,554.45,143.7,136.6999
2015-06-30,912.0296,2552.2,1067.45,985.35,916.45,308.0,419.8999,1387.75,297.4021,1782.75,262.8,5456.6501,754.45,558.65,4022.7,921.05,2991.4,366.15,6345.6501,408.1124,307.9,478.2,139.1,137.7999
2015-07-31,913.1236,2510.0,1111.2,1078.05,921.05,302.5,418.5998,695.7,307.9275,1789.55,270.4,5496.7001,881.45,573.75,4330.4,996.6,3149.65,323.85,6343.0501,426.8622,324.05,529.6,141.55,134.8999
2015-08-31,781.0756,2565.25,1028.15,1095.2,861.5,278.1,354.4998,650.95,307.0779,1605.3,247.1,5024.0501,848.6,506.7,4167.5,971.6,2898.1,337.75,5976.1001,428.5876,354.5,515.6,130.65,121.3499
2015-09-30,784.4486,2587.7,1068.9,1160.45,813.3,270.25,337.9999,648.85,310.4763,1466.7,237.25,5097.8001,841.1,495.55,4689.3,982.15,2679.8,318.15,6350.3501,447.8622,299.35,558.05,132.15,123.7499
2015-10-30,864.0784,2497.3,1097.05,1136.05,801.85,277.0,348.7498,688.6,315.9514,1411.15,237.2,5214.5501,828.7,474.95,4448.65,869.55,2883.7,348.7,6179.5001,429.975,295.55,538.9,128.75,132.6999
2015-11-30,882.4476,2365.25,1075.95,1088.45,809.45,274.1,334.4999,692.2,323.9753,1374.05,250.45,5506.9501,840.45,468.85,4576.7,871.85,2806.95,382.0,5872.6501,429.5246,268.2,533.4,135.95,130.9999
2015-12-31,923.1058,2439.2,1082.75,1104.55,862.35,261.45,339.8999,718.55,309.2491,1275.65,224.4,6013.2001,883.85,449.5,4615.35,855.45,2784.95,346.7,5824.1001,419.85,260.6,521.6,141.2,145.8999
2016-01-29,943.5718,2391.2,1048.95,1164.85,816.9,230.1,289.6999,682.4,301.6028,1102.2,179.95,5908.3001,868.85,408.15,4097.45,866.0,2826.0,363.9,5490.6001,420.8998,212.7,501.55,147.6,142.1999
2016-02-29,881.1258,2181.9,972.55,1083.75,829.8,190.0,316.7499,630.25,279.2304,1079.25,158.4,5927.4501,848.55,375.25,3242.6,812.4,2767.05,316.35,5012.3501,389.9248,196.1,415.05,130.1,119.6999
2016-03-31,952.8702,2516.05,1071.2,1217.95,869.5,236.55,350.8998,681.0,309.6739,1216.2,194.3,6929.2001,868.7,444.55,3719.1,814.15,3227.0,338.8,5768.9501,422.5124,247.7,475.45,139.1,128.7999
2016-04-29,895.7116,2530.05,1133.45,1210.85,866.65,236.6,363.7999,715.6,306.606,1253.55,188.95,6832.2001,868.1,472.25,3794.95,750.45,3162.45,355.4,5743.8501,415.2748,238.25,487.2,143.45,138.7999
2016-05-31,874.1974,2575.1,1181.35,1249.85,849.9,245.2,351.6499,746.7,331.9047,1474.3,204.85,7575.3001,984.1,515.6,4167.9,739.9,3229.35,359.2,6098.8501,409.65,192.6,538.4,150.0,143.2499
2016-06-30,883.7696,2550.8,1175.9,1170.75,898.6,240.2,366.1499,763.1,347.4805,1496.2,218.65,7989.1501,1003.65,533.45,4185.15,730.55,3411.9,404.7,6488.7501,418.7622,206.7,506.4,162.95,156.3999
2016-07-29,925.7496,2618.55,1246.55,1073.95,921.5,262.85,362.0499,761.85,238.3086,1558.0,229.05,10357.2501,1114.7,546.05,4755.2,752.5,3705.75,419.05,7165.6001,408.975,231.95,486.7,175.9,158.4499
2016-08-31,964.4934,2512.55,1290.75,1036.8,916.65,257.7,331.8499,806.7,245.4829,1513.85,252.55,11020.0001,1159.25,595.65,5052.65,779.2,4029.15,418.15,6559.5001,367.8752,262.7,468.7,184.0,159.2499
2016-09-30,986.4634,2427.2,1271.7,1038.1,867.8,252.3,314.0499,778.75,228.0192,1431.65,250.7,1056.6,1162.1,541.85,5479.2,799.75,3857.9,395.65,6428.2001,358.2376,256.75,419.9,176.35,148.4999
2016-10-28,960.3912,2399.25,1259.4,997.45,838.2,277.1,318.6499,816.35,228.9632,1477.9,257.85,1072.95,1070.0,486.6,5875.3,764.25,3972.25,374.45,6960.5001,346.2748,307.05,435.55,176.0,152.2499
2016-11-30,905.0102,2276.75,1199.6,975.45,844.3,265.0,324.4999,756.2,219.8537,1382.55,258.4,919.4,969.85,469.75,5263.45,802.8,3594.2,322.05,6256.6501,348.8252,277.75,485.4,192.0,163.1499
2016-12-30,984.64,2361.95,1204.2,1010.7,826.3,255.3,305.3499,719.05,227.4528,1349.4,249.75,839.25,891.35,450.0,5323.0,827.4,3245.75,325.75,6029.8001,355.5,268.1,488.7,183.45,164.6999
2017-01-31,951.1838,2229.9,1286.95,929.3,855.15,269.05,347.8999,772.55,243.5949,1444.75,260.0,1036.2,970.8,465.9,5896.5,808.85,3693.75,362.8,5842.2001,342.8252,293.4,451.75,206.5499,172.7499
2017-02-28,1128.8128,2466.5,1389.2,1012.3,864.9,276.4,365.1499,801.0,247.4652,1470.25,269.2,1107.3,1024.45,506.15,5922.85,840.1,3772.45,436.65,6255.0501,366.3752,301.75,499.85,192.0,163.0999
2017-03-31,1202.6084,2431.1,1442.3,1020.8,909.75,277.1,349.9498,872.1,264.7401,1577.6,292.6,1174.1,1071.2,490.8,6024.3,873.05,3989.95,461.3,6681.2001,386.5124,339.8,459.6,197.2,165.9499
2017-04-28,1271.5268,2272.1,1542.15,919.4,934.7,278.5,354.5999,901.6,262.9938,1748.05,289.45,1275.85,1119.6,509.6,6525.5,812.3,4239.2,471.25,6702.4001,370.5752,326.9,416.95,207.5999,164.3999
2017-05-31,1222.117,2544.35,1633.35,976.95,1066.8,326.3,371.7998,964.5,294.4284,1759.75,288.55,1324.95,1152.6,514.2,7214.9,865.3,4197.1,474.7,6657.1501,402.8622,338.95,389.9,207.7999,160.0499
2017-06-30,1258.2628,2364.35,1652.25,935.65,1081.6,290.1,379.1499,955.45,305.709,1687.8,273.6,1374.2,1104.15,516.1,7217.9,850.6,3963.25,523.6,6723.0501,258.75,362.45,381.35,210.5499,158.4499
2017-07-31,1471.2172,2494.05,1783.35,1011.3,1153.35,301.95,417.7999,1019.75,269.1769,1192.1,312.55,1702.1,1159.45,518.85,7707.95,888.8,4059.95,543.2,6750.2501,289.0,396.35,385.25,223.0499,164.0999
2017-08-31,1452.6656,2496.75,1775.0,915.3,1217.35,297.65,427.8499,975.95,266.3921,1136.0,277.35,1783.65,1168.15,500.65,7702.5,861.95,3998.45,616.6,7101.1001,299.05,392.45,428.05,218.3499,168.6999
2017-09-29,713.0232,2437.0,1803.05,898.75,1175.15,276.95,388.6499,1001.9,243.7837,1141.2,253.75,1834.95,1117.05,508.8,7973.15,874.5,3852.8,582.7,7222.2501,280.9498,376.2,457.25,210.6499,167.2499
2017-10-31,857.6516,2616.3,1808.8,921.65,1236.85,299.95,497.6498,1024.55,251.194,1220.6,305.8,1799.65,1180.7,523.05,8217.1,855.55,4401.25,634.3,7221.1001,294.0,430.3,481.35,212.7499,180.4999
2017-11-30,841.06,2634.25,1852.05,974.95,1273.75,307.8,496.8498,1000.2,241.3294,1216.85,320.45,1729.35,1147.75,536.0,8602.3,847.95,4211.05,819.05,7650.0001,291.8,398.85,489.3,205.9499,180.8999
2017-12-29,839.647,2700.4,1873.55,1039.3,1368.1,314.0,529.3998,1009.1,248.362,1256.95,309.5,1756.8,1157.9,562.4,9731.35,890.65,4320.8,856.0,7845.0001,313.4,404.65,503.85,200.3499,177.1999
2018-01-31,876.203,3111.75,2006.35,1150.65,1369.65,352.95,439.6499,1109.75,256.0555,1416.6,312.75,1677.5,1131.05,593.4,9514.15,985.65,4379.9,869.05,7464.8001,304.65,428.45,610.85,193.5,170.2499
2018-02-28,868.272,3038.25,1883.8,1174.25,1316.35,313.5,427.3499,1088.75,250.25,1319.1,268.75,1642.1,1118.85,529.6,8873.15,940.3,4154.0,815.95,7764.3501,292.8,408.25,612.55,198.45,163.2499
2018-03-28,804.7776,2849.3,1891.45,1134.4,1335.9,278.4,398.8998,1048.6,241.5654,1311.9,250.1,1769.75,1120.7,509.4,8863.15,969.5,3947.85,941.2,8202.1501,281.4498,354.65,638.3,193.85,169.6999
2018-04-30,877.9806,3531.4,1944.6,1199.4,1509.05,284.45,409.5499,1210.35,265.6841,1400.6,246.3,1906.05,1200.15,518.05,8822.8,1051.4,4109.95,981.05,9406.3501,278.75,406.45,671.55,207.6499,172.0499
2018-05-31,839.875,1744.8,2136.15,1231.9,1613.65,285.6,373.7999,1337.0,256.3859,1367.6,269.2,2108.1,1305.6,543.3,8534.95,910.6,3734.7,901.35,9657.7501,261.9,392.2,711.95,208.9499,166.9499
2018-06-29,886.9602,1847.2,2108.05,1306.75,1641.85,275.5,380.9999,1341.8,251.1468,1271.3,259.3,2296.95,1264.1,510.4,8821.2,926.9,3802.0,878.85,9808.5501,261.4,372.0,656.45,186.65,159.4499
2018-07-31,1081.044,1941.25,2181.05,1365.0,1731.6,303.95,390.6999,1309.35,280.5519,1302.6,293.4,2698.55,1448.3,550.1,9506.4,964.8,4189.95,910.45,10537.2001,276.8,400.1,680.3,182.2,155.1499
2018-08-31,1131.2742,2078.2,2062.25,1440.0,1780.6,342.65,383.3498,1285.35,301.2723,1369.1,308.85,2859.15,1371.1,649.2,9097.25,1046.45,4470.15,890.7,11576.6001,301.65,383.35,764.6,200.5999,170.8499
2018-09-28,1146.9996,2184.5,2005.65,727.85,1607.65,305.0,338.2499,1143.5,280.0799,1266.65,265.0,2167.4,1294.05,612.35,7350.55,1088.1,4055.75,805.5,9705.7001,324.2,328.45,744.95,188.45,166.5999
2018-10-31,967.5928,1937.6,1911.85,686.25,1617.85,355.1,292.1499,1118.0,264.1266,1298.35,280.5,2374.7,1227.25,581.9,6608.95,1050.8,3498.75,844.05,10122.1001,331.5,319.1,744.15,185.7,159.7999
2018-11-30,1064.9538,1970.6,2117.15,666.5,1753.6,355.0,313.5499,1232.35,270.2152,1429.65,284.35,2528.4,1344.9,625.75,7664.6,1014.4,3992.85,925.7,10718.9501,324.8498,365.9,705.5,180.1,139.9499
2018-12-31,1021.971,1893.55,2122.45,659.85,1818.05,360.0,312.8999,1254.75,265.8729,1438.5,295.65,2641.15,1373.7,619.8,7462.3,962.55,4002.7,929.95,11107.2501,330.25,387.35,721.1,199.0,148.6499
2019-01-31,1118.6482,2014.6,2081.15,749.6,1762.25,364.25,307.1499,1253.25,263.1354,1313.4,293.35,2570.35,1412.65,722.95,6628.05,1005.2,3520.7,995.4,11469.8001,369.3,339.85,732.85,188.65,139.8999
2019-02-28,1122.705,1984.25,2082.15,733.95,1731.35,348.8,317.9499,1212.45,260.681,1294.5,269.75,2647.4,1405.05,709.35,6832.25,1053.2,3827.85,1026.95,10627.0001,370.0,325.35,832.0,182.55,141.5499
2019-03-28,,2000.45,,738.5,,,,,,,,,,,,,,,,254.6,,,,
2019-03-29,1242.5828,,2316.5,,1707.8,398.85,332.8999,1335.75,280.0799,1384.05,320.8,3024.85,1491.9,776.1,6671.7,1088.0,3999.05,1137.5,10994.2501,,378.0,776.2,198.1,135.35
2019-04-30,1268.792,2254.95,2315.5,749.95,1753.95,407.75,320.2,1387.05,284.6582,1347.75,310.2,3094.25,1463.0,766.9,6658.7,1183.35,4618.95,1156.15,10903.2001,298.4,392.0,834.7,186.3,133.65
2019-05-31,1212.226,2196.8501,2424.9,736.85,1785.15,423.4,348.5,1519.7,263.041,1557.95,352.55,3469.7,1406.7,808.5,6863.65,1093.5,4757.65,1233.55,11486.6501,286.55,414.85,760.4,189.15,133.2
2019-06-28,1141.3476,2227.25,2446.4,731.95,1787.3,437.25,346.7,1476.6,258.6043,1553.05,360.9,3682.3,1357.65,807.65,6534.0,1064.5,4553.15,1334.85,11920.6501,280.4,410.0,706.25,206.8999,141.35
2019-07-31,1062.9482,2205.3999,2251.8,794.0,1725.95,424.5,337.8,1519.1,254.9227,1387.15,332.05,3250.9,1521.25,674.4,5472.15,1034.55,4342.7,1056.15,11671.7001,265.35,377.55,636.55,210.9999,126.5
2019-08-30,1138.0202,2258.05,2228.9,814.6,1880.1,410.4,347.05,1431.7,231.7951,1328.1,273.7,3331.6,1615.2,663.75,6121.6,1100.25,4052.55,1104.95,12849.9501,254.35,365.5,695.65,200.5499,121.7
2019-09-30,1214.824,2099.2,1227.35,805.3,1982.45,433.4,367.25,1644.35,245.1525,1476.6,270.9,4050.15,1763.7,684.65,6717.3,1080.5,4330.55,1272.8,13912.5001,239.8,413.7,714.3,198.95,117.65
2019-10-31,1334.7932,2270.2,1229.95,685.5,2176.75,462.85,374.4,1573.15,243.1229,1473.4,312.25,4024.9,1810.75,736.0,7557.5,1163.35,4144.4,1332.35,14961.4001,259.2,395.55,738.85,198.25,122.4
2019-11-29,1413.8306,2052.7,1274.25,695.95,2036.1,511.95,442.3,1614.4,232.5503,1330.6,341.85,4073.25,1704.0,739.5,7249.55,1127.6,4255.75,1160.75,14455.9501,237.7,382.15,761.5,193.35,116.1
2019-12-31,1380.283,2161.3,1271.8,731.75,1923.25,538.75,455.8,1684.5,224.3377,1298.95,333.7,4235.1,1786.85,754.0,7367.2,568.25,4046.85,1187.6,14789.9501,245.95,365.95,762.6,190.2,119.05
2020-01-31,1286.9332,2079.3,1225.7,776.35,2034.15,525.55,496.7,1691.05,222.0721,1369.1,318.55,4365.25,1795.25,729.35,6911.7,591.5,4418.0,1188.1,15360.8502,236.8,369.15,795.4,186.9,112.8
2020-02-28,1211.2232,2000.95,1177.6,731.35,2174.9,496.05,524.05,1619.65,186.5311,1183.0,302.9,4463.1,1798.2,696.75,6284.0,534.1,4219.7,1254.75,15770.5502,221.1,342.55,743.9,181.5,106.55
2020-03-31,1014.131,1823.05,862.0,640.3,2298.15,324.5,440.6,1296.35,162.3651,806.85,196.95,2216.05,1666.7,379.3,4287.75,436.75,3254.25,933.5,16302.4002,196.6,251.3,564.95,159.0,84.2
2020-04-30,1337.3914,2014.85,1001.75,716.2,2195.7,379.9,514.35,1356.95,171.9466,897.35,190.4,2317.05,1760.05,444.6,5360.3,542.8,3532.5,969.8,17906.1002,190.5,290.2,546.1,162.05,95.35
2020-05-29,1335.7052,1971.55,951.25,691.35,2056.9,332.1,552.4,1223.7,186.3895,932.3,160.3,1952.7,1684.4,383.2,5612.0,550.4,3901.8,890.6,17533.8502,212.55,323.95,530.4,157.55,97.75
2020-06-30,1552.8074,2082.2,1065.7,735.9,2180.75,351.45,559.65,1359.8,183.6992,944.05,178.4,2828.9,1687.35,406.5,5839.1,556.3,3894.75,950.05,17178.0002,219.7,343.9,543.45,174.9,95.85
2020-07-31,1884.2724,2282.45,1032.65,966.25,2212.9,346.9,554.85,1367.45,183.2272,913.35,191.45,3251.6,1716.65,431.6,6260.45,705.45,4124.55,1043.25,16526.4502,280.6,314.95,682.0,178.6,87.0
2020-08-31,1894.8472,2256.3501,1115.2,928.5,2116.55,395.0,513.95,1402.15,180.5368,945.3,212.15,3489.45,1903.4,496.95,6837.9,693.3,3906.1,1099.2,15946.1002,271.4,355.75,741.2,178.9,96.5
2020-09-30,2036.3305,2491.5,1079.2,1008.0,2068.35,354.9,420.9,1268.15,162.1291,902.45,185.4,3277.25,1987.55,424.5,6742.85,811.6,4047.0,1200.5,15924.7002,313.6,340.9,791.7,162.6,85.2
2020-10-30,1872.786,2664.8501,1183.45,1060.6,2072.3,392.55,433.6,1547.6,155.9933,929.6,189.25,3307.65,2213.05,492.4,6956.2,843.2,4573.85,1164.9,17162.8002,340.65,359.7,813.7,171.0,87.6
2020-11-27,1759.2893,2679.1499,1440.7,1100.55,2137.2,472.8,463.3,1901.65,182.8496,1115.8,244.3,4903.3,2217.35,602.1,7026.7,822.2,4802.75,1357.85,17657.6002,350.5,412.0,876.15,192.5,94.2
2020-12-31,1809.2461,2870.2,1436.75,1255.85,2393.55,534.8,509.3,1995.4,197.2925,1287.55,274.75,5296.0,2764.45,620.35,7649.7,945.95,5284.65,1567.5,18392.3502,386.25,483.55,973.05,189.8,99.3
2021-01-29,1680.2519,3112.8999,1390.8,1239.65,2263.4,537.0,553.2,1713.45,191.8646,1334.6,282.05,4735.95,2407.35,663.5,7207.95,914.95,5325.2,1420.8,17068.7002,418.05,509.5,961.65,184.2,89.1
2021-02-26,1899.6788,2896.05,1534.35,1252.35,2132.05,597.6,557.1,1782.35,192.6198,1442.25,390.2,5238.3,2277.45,724.7,6872.65,909.45,6114.6,1407.0,16097.7002,410.2,674.05,918.6,214.7999,107.2
2021-03-31,1826.1566,3177.6001,1493.55,1367.75,2430.8,581.25,517.3,1754.0,206.2604,1418.35,364.35,5148.9,2536.75,697.5,6859.75,983.45,6737.3,1557.4,17170.2502,414.2,702.75,991.25,215.6499,106.45
2021-04-30,1818.1799,3038.3999,1412.2,1353.9,2353.85,600.4,537.3,1748.6,191.3454,1340.2,353.45,5453.8,2540.1,714.5,6459.8,899.5,6271.6,1491.95,16311.1002,492.4,729.9,961.75,219.9999,102.6
2021-05-31,1969.5088,3158.95,1516.4,1393.65,2341.35,662.2,534.95,1807.8,204.4668,1465.55,424.25,5621.15,2978.15,750.25,7087.35,945.2,6710.1,1594.9,17692.7002,538.9,769.65,1021.85,225.4999,110.5
2021-06-30,1924.3381,3345.25,1498.05,1581.25,2469.6,630.85,525.05,1706.4,191.3926,1501.25,419.25,6016.15,2990.85,748.3,7513.8,984.4,6776.65,1732.1,17676.7502,545.65,703.6,1095.1,232.2999,116.4
2021-07-30,1855.5108,3167.5,1425.8,1610.25,2334.05,682.7,561.9,1654.95,193.5166,1601.4,431.7,6228.9,2958.55,709.0,6978.7,1025.45,7623.75,1714.5,17702.7502,586.6,674.65,1209.45,171.05,118.2
2021-08-31,2059.6224,3786.55,1581.5,1704.15,2723.25,718.85,663.6999,1754.45,199.4165,1671.4,426.0,7519.95,3200.75,786.4,6844.25,1181.45,7833.95,1921.25,19458.1002,641.25,747.7,1447.3,175.65,115.95
2021-09-30,2294.5468,3774.5,1595.5,1675.4,2700.45,700.8,688.15,2004.1,222.7329,1703.15,453.05,7670.7,3244.4,766.8,7334.8,1279.0,7395.35,2159.85,19450.7502,634.35,737.65,1380.95,189.9,141.85
2021-10-29,2313.3262,3398.8,1582.35,1668.6,2393.95,802.3,686.25,2032.25,210.7915,1766.8,502.4,7402.35,3100.1,742.05,7483.4,1144.35,7632.75,2385.35,19002.0002,646.45,693.15,1478.75,185.05,132.7
2021-11-30,2194.0408,3532.0,1493.6,1714.45,2318.45,714.3,728.75,1962.15,208.9035,1763.9,460.6,6991.65,3144.4,657.05,7086.15,1139.3,7434.4,2374.9,19159.1002,637.0,684.25,1541.1,206.7999,127.3
2021-12-31,2158.8522,3736.8501,1479.8,1889.65,2359.75,740.25,683.85,1796.3,205.7884,1895.0,460.45,6976.9,3381.95,678.55,7426.9,1318.4,7591.95,2524.35,19708.5502,715.2,730.35,1790.55,204.3499,124.4
2022-01-31,2175.4437,3737.8999,1485.55,1736.7,2274.3,789.25,729.4,1857.5,207.7707,1908.85,538.35,7002.15,3154.7,773.1,8594.6,1099.35,7214.45,2360.9,18527.6502,572.65,716.15,1479.35,215.3999,142.05
2022-02-28,2150.6021,3554.55,1426.7,1717.3,2169.35,742.45,686.25,1842.65,203.6644,1816.9,483.3,7001.85,3172.65,742.6,8312.35,1126.65,6569.75,2544.65,17603.0502,555.85,707.65,1411.0,209.1999,133.5
2022-03-31,2401.1608,3738.8,1469.95,1907.2,2048.85,730.25,755.4,1754.7,236.751,1767.45,493.4,7259.1,3081.75,760.65,7559.9,1163.35,6602.15,2536.15,17376.8002,592.0,774.1,1499.3,216.8499,134.95
2022-04-29,2544.1483,3550.1001,1384.75,1567.9,2237.1,743.55,739.7,1788.95,244.8221,1695.8,496.5,6672.2,3239.3,728.7,7732.75,1078.95,6629.0,2459.2,18308.9502,509.0,856.35,1256.55,227.5999,153.6
2022-05-31,2401.1152,3364.8,1387.45,1503.95,2349.65,751.5,701.1,1854.2,255.4419,1653.55,467.8,6078.85,2860.1,685.4,7970.25,1040.3,6083.1,2217.6,17770.0002,478.25,739.3,1180.85,232.9999,156.15
2022-06-30,2364.7871,3265.25,1347.5,1461.2,2230.55,706.85,683.9,1660.8,258.1323,1557.05,465.8,5400.45,2697.5,636.7,8470.2,973.05,5599.95,1942.45,17493.1502,416.05,671.45,999.7,211.8499,143.15
2022-07-29,2287.026,3300.8,1434.45,1549.6,2636.85,818.5,677.9,1810.8,285.9798,1807.65,528.2,7208.9,3332.35,724.8,8772.45,948.75,6545.9,2353.05,19352.4002,423.7,763.8,1048.9,213.9999,152.95
2022-08-30,2405.8556,3211.6001,1486.2,1493.2,2659.0,887.6,726.5,1915.25,302.3579,1921.75,531.15,7303.8,3391.6,751.15,9091.9,939.35,6672.5,2602.7,19930.7502,413.45,842.35,1076.7,229.5999,163.85
2022-09-30,2167.5582,3004.6001,1422.4,1413.1,2696.85,862.8,799.75,1821.25,313.4025,1848.7,531.05,7337.55,3342.15,733.5,8823.55,932.55,6249.85,2606.55,19124.6002,394.3,821.05,1008.2,212.1499,159.75
2022-10-31,2324.2201,3193.05,1496.4,1537.9,2548.05,908.55,832.0,1901.8,328.6006,2023.95,573.8,7139.7,3106.8,905.85,9525.55,1041.6,6713.35,2753.05,20367.9002,386.4,823.05,1063.5,228.0999,173.1
2022-11-30,2490.9097,3392.3999,1608.75,1632.4,2680.15,953.4,848.65,1945.6,321.0016,2077.3,602.5,6723.1,3182.3,901.5,8976.95,1120.75,7076.75,2649.95,20105.8502,406.95,881.25,1077.3,223.9999,172.25
2022-12-30,2322.9894,3259.25,1627.3,1508.7,2559.75,890.95,806.7,1826.45,313.0721,2086.3,613.2,6574.15,3091.8,933.85,8402.65,1039.0,6959.05,2597.95,19598.8002,392.8,817.9,1016.5,213.8499,166.35
2023-01-31,2145.8617,3357.45,1603.45,1533.15,2577.6,831.65,770.25,1730.25,332.5182,2125.1,553.7,5885.6,2726.6,871.65,8891.3,1123.05,7089.1,2377.45,19015.5502,398.8,612.8,1015.3,216.3499,171.15
2023-02-28,2116.7354,3314.1499,1601.25,1487.3,2457.65,854.65,742.95,1729.0,355.6929,2105.95,522.75,6116.45,2829.5,843.8,8625.8,1077.55,7263.05,2374.2,18657.9502,387.05,592.6,1101.65,222.2499,170.55
2023-03-31,2125.0311,3205.8,1609.75,1427.7,2558.75,877.2,749.0,1733.5,361.9704,2164.75,523.7,5615.4,2761.65,858.45,8292.65,1086.2,7620.0,2515.1,19691.8502,365.3,631.8,1101.85,225.6999,175.25
2023-04-28,2206.302,3216.0,1688.05,1252.55,2454.4,917.7,799.0,1937.7,401.3345,2364.75,578.05,6280.4,2901.3,860.0,8589.9,1063.65,7554.6,2640.4,21758.9502,385.15,681.2,1023.75,236.7999,171.55
2023-05-31,2255.9853,3291.0,1611.35,1322.1,2660.75,948.45,857.4,1994.6,420.3558,2206.45,580.55,6992.7,3198.2,914.7,9358.05,1145.6,7873.65,2822.4,21693.6002,403.8,737.25,1117.75,233.2499,173.95
2023-06-30,2325.2684,3300.5,1701.75,1335.2,2678.4,934.35,878.15,1847.2,426.3501,2474.5,572.8,7159.3,3361.7,987.8,9786.75,1187.85,8292.85,3048.6,22882.9502,389.05,738.9,1130.55,255.0999,189.15
2023-07-31,2547.85,3355.3501,1651.1,1340.35,2561.5,998.05,890.25,1856.5,439.5187,2679.9,620.1,7299.7,3374.95,954.0,9819.55,1117.05,8314.95,3005.8,22560.7502,405.0,778.1,1115.65,265.9999,218.45
2023-08-31,2406.9,3357.05,1571.95,1434.1,2504.2,958.2,856.8,1759.6,415.0223,2706.0,561.3,7165.2,3250.65,974.0,10007.1,1172.9,8315.1,3107.15,21991.8002,408.45,791.4,1201.75,244.5999,219.95
2023-09-29,2346.5,3530.75,1526.55,1435.05,2465.85,952.05,926.4,1735.7,419.5062,3021.95,598.7,7809.4,3161.35,1036.75,10601.7,1236.2,8257.5,3149.6,22493.2502,406.25,824.25,1223.1,199.85,245.65
2023-10-31,2288.55,3368.2,1476.7,1368.65,2484.0,915.4,914.2,1739.15,404.5441,2928.8,565.35,7491.45,2996.35,981.9,10391.1,1276.85,8429.1,3188.75,24239.3002,381.95,784.65,1133.15,202.15,235.85
2023-11-30,2376.4,3493.3999,1559.0,1455.3,2546.7,935.2,1014.55,1755.5,411.1992,3111.65,564.7,7124.9,3120.0,1074.65,10604.1,1340.3,9000.65,3491.95,24217.2002,413.25,825.5,1220.6,208.95,261.3
2023-12-29,2584.85,3794.95,1709.65,1542.85,2663.35,996.45,1032.85,1908.1,436.4507,3527.05,641.95,7326.9,3402.1,1102.95,10299.4,1466.1,10503.15,3675.95,26595.5003,471.7,1024.15,1272.6,237.2,311.15
2024-01-31,2853.2,3814.75,1462.25,1662.1,2480.4,1027.9,1170.7,1824.55,416.7215,3480.15,640.65,6863.8,2958.0,1067.45,10183.3,1575.8,10167.95,3697.4,2505.5,477.8,1207.6,1333.45,259.35,317.55
2024-02-29,2924.75,4092.1499,1402.75,1675.05,2411.05,1053.45,1122.9,1690.8,383.7293,3481.6,749.3,6495.9,2825.4,1075.7,11269.35,1667.15,9901.9,3629.35,2598.65,519.15,1321.65,1276.25,282.55,335.45
2024-03-28,2976.8,3883.55,1448.2,1498.8,2268.25,1095.85,1229.05,1785.8,404.5441,3774.1,752.6,7240.35,2846.0,1048.3,12613.1,1543.3,9745.05,3804.75,2623.3,480.05,1341.7,1250.4,277.05,335.95
2024-04-30,2931.15,3822.6001,1517.05,1421.1,2230.7,1152.05,1322.85,1623.75,411.1992,3594.15,825.7,6931.05,2877.05,1166.15,12806.45,1367.55,9966.75,3589.15,2506.05,462.3,1324.85,1261.95,301.65,363.1
2024-05-31,2859.6,3669.5,1530.85,1406.25,2328.7,1119.65,1371.85,1679.7,402.2785,3667.4,830.1,6702.5,2877.7,1161.75,12397.45,1322.8,9901.35,3242.65,2355.45,437.75,1437.7,1228.85,309.9,358.9
2024-06-28,3131.85,3904.95,1683.55,1566.95,2475.2,1199.8,1445.35,1803.0,401.0985,3549.4,848.85,7115.75,2917.3,1265.7,12036.9,1459.6,11661.3,3406.1,2552.55,514.9,1477.4,1430.2,330.8,378.35
2024-07-31,3010.25,4384.6499,1617.05,1868.05,2706.05,1214.8,1492.9,1806.65,467.319,3812.55,872.75,6808.45,3082.3,1166.2,13167.95,1641.95,11882.8,3457.85,2456.15,522.05,1569.65,1553.9,348.6,416.05
2024-08-30,3019.75,4551.8501,1632.95,1943.3,2778.1,1230.15,1588.95,1781.2,473.7381,3703.1,815.65,7206.15,3126.8,1175.5,12421.25,1752.15,11300.65,3567.15,2504.2,538.2,1482.65,1635.7,337.4,416.4
2024-09-30,2953.8,4268.3999,1732.0,1876.0,2959.4,1272.85,1709.9,1852.4,489.0778,3675.5,787.6,7701.9,3328.4,1232.45,13228.2,1794.5,11797.6,3821.6,2688.95,541.35,1448.15,1576.1,352.9,443.1
2024-10-31,1332.6,3971.25,1734.95,1757.15,2527.5,1291.55,1611.65,1730.5,461.1359,3624.4,820.5,6891.55,2938.1,1158.5,11080.6,1767.95,11067.65,3269.1,2264.25,551.8,1376.7,1608.25,321.2,408.1
2024-11-29,1292.45,4273.5498,1797.65,1858.45,2496.25,1300.65,1627.45,1766.8,450.3273,3725.9,839.0,6577.45,2479.95,1136.7,11072.5,1848.9,11199.5,3249.45,2234.7,577.95,1189.65,1711.55,329.6,363.85
2024-12-31,1215.45,4097.2002,1772.45,1880.7,2326.75,1282.0,1588.15,1786.3,456.5576,3608.0,795.05,6821.4,2282.05,1065.25,10866.9,1918.35,11422.45,3253.65,2170.25,302.0,1228.9,1705.55,308.6,333.4
2025-01-31,1264.9,4109.0,1699.25,1880.05,2471.3,1252.55,1626.75,1902.65,447.55,3567.2,773.1,7885.55,2301.05,986.4,12308.4,1725.2,11503.3,3489.7,2313.05,312.0,1099.6,1674.45,301.85,324.25
2025-02-28,1199.6,3483.8999,1731.1,1688.05,2191.8,1203.1,1569.6,1900.75,394.7,3164.75,688.25,8542.25,2179.95,1015.85,11945.0,1574.95,10114.0,3074.7,2189.8,277.65,1070.15,1488.9,250.65,310.95
2025-03-28,1275.0,3604.45,1828.5,1570.4,2259.35,1348.4,1730.95,2171.3,409.8,3491.0,771.6,8948.75,2337.7,1101.9,11521.45,1590.95,11504.5,3063.8,2251.05,262.1,1182.05,1418.0,290.45,357.65
2025-04-30,1408.35,3429.6499,1923.75,1498.9,2341.25,1422.55,1863.7,2205.8,425.3,3340.55,788.15,8635.7,2423.3,1183.9,12260.5498,1564.05,11639.25,3376.1499,2385.45,241.5,1217.0,1502.6,306.65,354.5
2025-05-30,1420.8,3464.5,1944.6,1562.8,2349.3501,1445.95,1856.8,2075.7,417.9,3675.75,812.4,9174.75,2260.05,1192.05,12317.5498,1637.55,11197.25,3554.2,2396.75,249.7,1432.35,1574.0,289.9,334.25
2025-06-13,1427.65,3447.1001,1917.25,1601.55,2319.1001,1416.2,1842.15,2110.8,413.9,3588.25,792.4,9334.1504,2215.3,1205.95,12411.4502,1694.85,11220.7002,3423.55,2376.5,260.2,1405.25,1658.95,285.7,332.0
